Vendor SKU,RC SKU,Description,Size,Vendor Color,Color,Qty,Cost
WEEZER CALI TEE,1411045375000,PRINCE PETER COLLECTION WEEZER CALI TEE,S,BLK,Black,1,$15.30
HOWDY REPEAT CROP,1411096101000,PRINCE PETER COLLECTION HOWDY REPEAT CROP,S,WHITE,White,1,$14.30
RICK SPRINGFIELD TOUR 81' TEE,1411109338000,PRINCE PETER COLLECTION RICK SPRINGFIELD TOUR 81',S,OFF WHITE,White,1,$15.30
CALIFORNIA VENIC BEACH CROP,1411139952000,PRINCE PETER COLLECTION CALIFORNIA VENIC BEACH CROP,S,WHITE,White,1,$14.30
LOVE ALL TENNIS CROP,1411152178000,PRINCE PETER COLLECTION LOVE ALL TENNIS CROP,S,ROYAL BLUE,Blue,1,$14.30
BOWIE 74 BURNOUT CROP,1411153237000,PRINCE PETER COLLECTION BOWIE 74 BURNOUT CROP,S,BLUE,Blue,1,$15.30
BEVERLY HILLS LOGO CROP,1411252799000,PRINCE PETER COLLECTION BEVERLY HILLS LOGO CROP,M,BLACK,Black,1,$14.30
DOLLY FOR PRESIDENT TEE,1411308676000,PRINCE PETER COLLECTION DOLLY FOR PRESIDENT TEE,S,WHITE,White,1,$14.30
SO OBSESSED CROP,1411344783000,PRINCE PETER COLLECTION SO OBSESSED CROP,S,HEATHER GREY TRIBLEND,gray,1,$14.30
MALIBU TENNIS CLUB CROP,1411465321000,PRINCE PETER COLLECTION MALIBU TENNIS CLUB CROP,M,WHITE,White,1,$14.30
FACES OF BOWIE CROP,1411536494000,PRINCE PETER COLLECTION FACES OF BOWIE CROP,S,WHITE,White,1,$15.30
WEEZER DOMINATION TOUR TEE,1411574322000,PRINCE PETER COLLECTION WEEZER DOMINATION TOUR TEE,S,YELLOW,Yellow,1,$15.30
CRANBERRIES ZOMBIE TOUR TEE,1411684929000,PRINCE PETER COLLECTION CRANBERRIES ZOMBIE TOUR TEE,S,BLACK,Black,1,$16.80
BLONDIE STARS TEE,1411702968000,PRINCE PETER COLLECTION BLONDIE STARS TEE,S,BLACK,Black,1,$15.30
LOVE ALL TENNIS CROP,1411712349000,PRINCE PETER COLLECTION LOVE ALL TENNIS CROP,S,LAVENDER,Purple,1,$14.30
THE UNDERGROUND DISTRESSED CROP,1411791847000,PRINCE PETER COLLECTION THE UNDERGROUND DISTRESSED,S,WHITE,White,1,$14.30
TOM PETTY LOGO TEE,1411886653000,PRINCE PETER COLLECTION TOM PETTY LOGO TEE,S,OFF WHITE,White,1,$15.30
LET'S DANCE TIL SUNRISE CROP,1411942157000,PRINCE PETER COLLECTION LET'S DANCE TIL SUNRISE CROP,S,BLACK,Black,1,$14.30
TOM PETTY 1991 TOUR TEE,1411942291000,PRINCE PETER COLLECTION TOM PETTY 1991 TOUR TEE,S,WHITE,White,1,$15.30
JANIS JOPLIN HEMISPHERE ARENA CROP,1411944360000,PRINCE PETER COLLECTION JANIS JOPLIN HEMISPHERE ARENA CROP,S,WHITE,White,1,$15.30
TAYLOR FOR PRESIDENT TEE,1411980751000,PRINCE PETER COLLECTION TAYLOR FOR PRESIDENT TEE,S,WHITE,White,1,$14.30
ELVIS PRESLEY HEARTBREAKER TEE,1411984331000,PRINCE PETER COLLECTION ELVIS PRESLEY HEARTBREAKER,S,WHITE,White,1,$16.80
BOWIE 74 BURNOUT CROP,1411993316000,PRINCE PETER COLLECTION BOWIE 74 BURNOUT CROP,S,BANANA,Yellow,1,$15.30
